Zone in matrix;Zone in model;Connected zone;Dummy;Dummy;Country/county;Type;Name
1;50;50;0;0;SE;Z;Stockholm
2;51;51;0;0;SE;Z;Luleå
3;52;52;0;0;SE;Z;Malmø
4;53;53;0;0;SE;Z;Kiruna
5;54;54;0;0;SE;Z;Linköping
6;55;55;0;0;SE;Z;Falun
7;56;56;0;0;SE;Z;Västerås
8;57;57;0;0;SE;Z;Kalmar
9;58;58;0;0;SE;Z;Gøteborg
10;59;59;0;0;SE;Z;Jönköping
11;60;60;0;0;SE;Z;Karlstad
12;61;61;0;0;SE;Z;Umeå
13;62;62;0;0;SE;Z;Østersund
14;101;101;1;642;1;Z;Halden
15;104;104;1;63;1;Z;Moss
16;105;105;1;406;1;Z;Sarpsborg
17;106;106;1;288;1;Z;Fredrikstad
18;111;111;1;90;1;Z;Hvaler
19;118;118;1;319;1;Z;Aremark
20;119;119;1;413;1;Z;Marker
21;121;121;1;183;1;Z;Rømskog
22;122;122;1;204;1;Z;Trøgstad
23;123;123;1;142;1;Z;Spydeberg
24;124;124;1;69;1;Z;Askim
25;125;125;1;236;1;Z;Eidsberg
26;127;127;1;101;1;Z;Skiptvet
27;128;128;1;435;1;Z;Rakkestad
28;135;135;1;119;1;Z;Råde
29;136;136;1;74;1;Z;Rygge
30;137;137;1;257;1;Z;Våler
31;138;138;1;140;1;Z;Hobøl
32;211;211;1;134;2;Z;Vestby
33;213;213;1;166;2;Z;Ski
34;214;214;1;103;2;Z;Ås
35;215;215;1;86;2;Z;Frogn
36;216;216;1;61;2;Z;Nesodden
37;217;217;1;37;2;Z;Oppegård
38;219;219;1;192;2;Z;Bærum
39;220;220;1;101;2;Z;Asker
40;221;221;1;962;2;Z;Aurskog-Høland
41;226;226;1;207;2;Z;Sørum
42;227;227;1;176;2;Z;Fet
43;228;228;1;72;2;Z;Rælingen
44;229;229;1;233;2;Z;Enebakk
45;230;230;1;71;2;Z;Lørenskog
46;231;231;1;77;2;Z;Skedsmo
47;233;233;1;186;2;Z;Nittedal
48;234;234;1;83;2;Z;Gjerdrum
49;235;235;1;252;2;Z;Ullensaker
50;236;236;1;637;2;Z;Nes
51;237;237;1;457;2;Z;Eidsvoll
52;238;238;1;341;2;Z;Nannestad
53;239;239;1;285;2;Z;Hurdal
54;301;301;1;38;3;Z;Oslo1
55;302;302;1;38;3;Z;Oslo2
56;303;303;1;38;3;Z;Oslo3
57;304;304;1;38;3;Z;Oslo4
58;305;305;1;38;3;Z;Oslo5
59;306;306;1;38;3;Z;Oslo6
60;307;307;1;38;3;Z;Oslo7
61;308;308;1;38;3;Z;Oslo8
62;309;309;1;38;3;Z;Oslo9
63;310;310;1;38;3;Z;Oslo10
64;311;311;1;38;3;Z;Oslo11
65;312;312;1;38;3;Z;Oslo12
66;402;402;2;1036;4;Z;Kongsvinger
67;403;403;2;351;4;Z;Hamar
68;412;412;2;1281;4;Z;Ringsaker
69;415;415;2;369;4;Z;Løten
70;417;417;2;724;4;Z;Stange
71;418;418;2;508;4;Z;Nord-Odal
72;419;419;2;517;4;Z;Sør-Odal
73;420;420;2;641;4;Z;Eidskog
74;423;423;2;837;4;Z;Grue
75;425;425;2;1041;4;Z;Åsnes
76;426;426;2;705;4;Z;Våler
77;427;427;2;1229;4;Z;Elverum
78;428;428;2;3014;4;Z;Trysil
79;429;429;2;1340;4;Z;Åmot
80;430;430;2;2166;4;Z;Stor-Elvdal
81;432;432;2;3180;4;Z;Rendalen
82;434;434;2;2197;4;Z;Engerdal
83;436;436;2;1123;4;Z;Tolga
84;437;437;2;1879;4;Z;Tynset
85;438;438;2;943;4;Z;Alvdal
86;439;439;2;1275;4;Z;Folldal
87;441;441;2;1040;4;Z;Os
88;501;501;2;477;5;Z;Lillehammer
89;502;502;2;672;5;Z;Gjøvik
90;511;511;2;1364;5;Z;Dovre
91;512;512;2;2259;5;Z;Lesja
92;513;513;2;2076;5;Z;Skjåk
93;514;514;2;1969;5;Z;Lom
94;515;515;2;1330;5;Z;Vågå
95;516;516;2;1141;5;Z;Nord-Fron
96;517;517;2;905;5;Z;Sel
97;519;519;2;745;5;Z;Sør-Fron
98;520;520;2;1248;5;Z;Ringebu
99;521;521;2;640;5;Z;Øyer
100;522;522;2;1192;5;Z;Gausdal
101;528;528;2;562;5;Z;Østre_Toten
102;529;529;2;249;5;Z;Vestre_Toten
103;532;532;2;224;5;Z;Jevnaker
104;533;533;2;292;5;Z;Lunner
105;534;534;2;758;5;Z;Gran
106;536;536;2;728;5;Z;Søndre_Land
107;538;538;2;955;5;Z;Nordre_Land
108;540;540;2;1109;5;Z;Sør-Aurdal
109;541;541;2;459;5;Z;Etnedal
110;542;542;2;907;5;Z;Nord-Aurdal
111;543;543;2;463;5;Z;Vestre_Slidre
112;544;544;2;963;5;Z;Austre_Slidre
113;545;545;2;1505;5;Z;Vang
114;602;602;3;137;6;Z;Drammen
115;604;604;3;792;6;Z;Kongsberg
116;605;605;3;1552;6;Z;Ringerike
117;612;612;3;198;6;Z;Hole
118;615;615;3;704;6;Z;Flå
119;616;616;3;810;6;Z;Nes
120;617;617;3;533;6;Z;Gol
121;618;618;3;753;6;Z;Hemsedal
122;619;619;3;1171;6;Z;Ål
123;620;620;3;1858;6;Z;Hol
124;621;621;3;842;6;Z;Sigdal
125;622;622;3;375;6;Z;Krødsherad
126;623;623;3;515;6;Z;Modum
127;624;624;3;457;6;Z;Øvre_Eiker
128;625;625;3;122;6;Z;Nedre_Eiker
129;626;626;3;301;6;Z;Lier
130;627;627;3;113;6;Z;Røyken
131;628;628;3;163;6;Z;Hurum
132;631;631;3;562;6;Z;Flesberg
133;632;632;3;449;6;Z;Rollag
134;633;633;3;2502;6;Z;Nore_og_Uvdal
135;701;701;4;70;7;Z;Horten
136;702;702;4;86;7;Z;Holmestrand
137;704;704;4;107;7;Z;Tønsberg
138;706;706;4;121;7;Z;Sandefjord
139;709;709;4;535;7;Z;Larvik
140;711;711;4;58;7;Z;Svelvik
141;713;713;4;178;7;Z;Sande
142;714;714;4;163;7;Z;Hof
143;716;716;4;225;7;Z;Re
144;719;719;4;186;7;Z;Andebu
145;720;720;4;118;7;Z;Stokke
146;722;722;4;61;7;Z;Nøtterøy
147;723;723;4;39;7;Z;Tjøme
148;728;728;4;278;7;Z;Lardal
149;805;805;4;165;8;Z;Porsgrunn
150;806;806;4;779;8;Z;Skien
151;807;807;4;919;8;Z;Notodden
152;811;811;4;214;8;Z;Siljan
153;814;814;4;304;8;Z;Bamble
154;815;815;4;306;8;Z;Kragerø
155;817;817;4;1063;8;Z;Drangedal
156;819;819;4;430;8;Z;Nome
157;821;821;4;263;8;Z;Bø
158;822;822;4;321;8;Z;Sauherad
159;826;826;4;2045;8;Z;Tinn
160;827;827;4;792;8;Z;Hjartdal
161;828;828;4;715;8;Z;Seljord
162;829;829;4;708;8;Z;Kviteseid
163;830;830;4;905;8;Z;Nissedal
164;831;831;4;1281;8;Z;Fyresdal
165;833;833;4;984;8;Z;Tokke
166;834;834;4;3106;8;Z;Vinje
167;840;840;4;0;8;Z;Brevik
168;901;901;5;193;9;Z;Risør
169;904;904;5;303;9;Z;Grimstad
170;906;906;5;270;9;Z;Arendal
171;911;911;5;322;9;Z;Gjerstad
172;912;912;5;356;9;Z;Vegårshei
173;914;914;5;218;9;Z;Tvedestrand
174;919;919;5;645;9;Z;Froland
175;926;926;5;190;9;Z;Lillesand
176;928;928;5;674;9;Z;Birkenes
177;929;929;5;1131;9;Z;Åmli
178;935;935;5;262;9;Z;Iveland
179;937;937;5;550;9;Z;Evje_og_Hornnes
180;938;938;5;1312;9;Z;Bygland
181;940;940;5;1265;9;Z;Valle
182;941;941;5;1467;9;Z;Bykle
183;1002;1002;5;222;10;Z;Mandal
184;1003;1003;5;262;10;Z;Farsund
185;1004;1004;5;543;10;Z;Flekkefjord
186;1014;1014;5;384;10;Z;Vennesla
187;1017;1017;5;216;10;Z;Songdalen
188;1018;1018;5;151;10;Z;Søgne
189;1021;1021;5;395;10;Z;Marnardal
190;1026;1026;5;888;10;Z;Åseral
191;1027;1027;5;251;10;Z;Audnedal
192;1029;1029;5;317;10;Z;Lindesnes
193;1032;1032;5;391;10;Z;Lyngdal
194;1034;1034;5;462;10;Z;Hægebostad
195;1037;1037;5;963;10;Z;Kvinesdal
196;1046;1046;5;1555;10;Z;Sirdal
197;1071;1071;5;55;10;Z;Kristiansand1
198;1072;1072;5;55;10;Z;Kristiansand2
199;1073;1073;5;55;10;Z;Kristiansand3
200;1074;1074;5;55;10;Z;Kristiansand4
201;1075;1075;5;55;10;Z;Kristiansand5
202;1101;1101;6;432;11;Z;Eigersund
203;1102;1102;6;305;11;Z;Sandnes
204;1106;1106;6;73;11;Z;Haugesund
205;1111;1111;6;295;11;Z;Sokndal
206;1112;1112;6;409;11;Z;Lund
207;1114;1114;6;650;11;Z;Bjerkreim
208;1119;1119;6;259;11;Z;Hå
209;1120;1120;6;114;11;Z;Klepp
210;1121;1121;6;183;11;Z;Time
211;1122;1122;6;618;11;Z;Gjesdal
212;1124;1124;6;70;11;Z;Sola
213;1127;1127;6;25;11;Z;Randaberg
214;1129;1129;6;780;11;Z;Forsand
215;1130;1130;6;218;11;Z;Strand
216;1133;1133;6;1089;11;Z;Hjelmeland
217;1134;1134;6;1736;11;Z;Suldal
218;1135;1135;6;546;11;Z;Sauda
219;1141;1141;6;104;11;Z;Finnøy
220;1142;1142;6;65;11;Z;Rennesøy
221;1144;1144;6;6;11;Z;Kvitsøy
222;1145;1145;6;47;11;Z;Bokn
223;1146;1146;6;425;11;Z;Tysvær
224;1149;1149;6;230;11;Z;Karmøy
225;1151;1151;6;6;11;Z;Utsira
226;1154;1154;6;310;11;Z;Vindafjord
227;1159;1159;6;310;11;Z;Ølen
228;1171;1171;6;14;11;Z;Stavanger1
229;1172;1172;6;14;11;Z;Stavanger2
230;1173;1173;6;14;11;Z;Stavanger3
231;1174;1174;6;14;11;Z;Stavanger4
232;1175;1175;6;14;11;Z;Stavanger5
233;1211;1211;6;735;12;Z;Etne
234;1216;1216;6;246;12;Z;Sveio
235;1219;1219;6;246;12;Z;Bømlo
236;1221;1221;6;144;12;Z;Stord
237;1222;1222;6;143;12;Z;Fitjar
238;1223;1223;6;255;12;Z;Tysnes
239;1224;1224;6;1128;12;Z;Kvinnherad
240;1227;1227;6;210;12;Z;Jondal
241;1228;1228;6;1616;12;Z;Odda
242;1231;1231;6;1399;12;Z;Ullensvang
243;1232;1232;6;1493;12;Z;Eidfjord
244;1233;1233;6;721;12;Z;Ulvik
245;1234;1234;6;213;12;Z;Granvin
246;1235;1235;6;1806;12;Z;Voss
247;1238;1238;6;616;12;Z;Kvam
248;1241;1241;6;379;12;Z;Fusa
249;1242;1242;6;269;12;Z;Samnanger
250;1243;1243;6;140;12;Z;Os
251;1244;1244;6;117;12;Z;Austevoll
252;1245;1245;6;100;12;Z;Sund
253;1246;1246;6;148;12;Z;Fjell
254;1247;1247;6;100;12;Z;Askøy
255;1251;1251;6;716;12;Z;Vaksdal
256;1252;1252;6;412;12;Z;Modalen
257;1253;1253;6;275;12;Z;Osterøy
258;1256;1256;6;93;12;Z;Meland
259;1259;1259;6;67;12;Z;Øygarden
260;1260;1260;6;112;12;Z;Radøy
261;1263;1263;6;476;12;Z;Lindås
262;1264;1264;6;57;12;Z;Austrheim
263;1265;1265;6;9;12;Z;Fedje
264;1266;1266;6;556;12;Z;Masfjorden
265;1271;1271;6;66;12;Z;Bergen1
266;1272;1272;6;66;12;Z;Bergen2
267;1273;1273;6;66;12;Z;Bergen3
268;1274;1274;6;66;12;Z;Bergen4
269;1275;1275;6;66;12;Z;Bergen5
270;1276;1276;6;66;12;Z;Bergen6
271;1277;1277;6;66;12;Z;Bergen7
272;1401;1401;7;692;14;Z;Flora
273;1411;1411;7;597;14;Z;Gulen
274;1412;1412;7;229;14;Z;Solund
275;1413;1413;7;259;14;Z;Hyllestad
276;1416;1416;7;908;14;Z;Høyanger
277;1417;1417;7;833;14;Z;Vik
278;1418;1418;7;430;14;Z;Balestrand
279;1419;1419;7;180;14;Z;Leikanger
280;1420;1420;7;746;14;Z;Sogndal
281;1421;1421;7;1468;14;Z;Aurland
282;1422;1422;7;1342;14;Z;Lærdal
283;1424;1424;7;976;14;Z;Årdal
284;1426;1426;7;2707;14;Z;Luster
285;1428;1428;7;326;14;Z;Askvoll
286;1429;1429;7;417;14;Z;Fjaler
287;1430;1430;7;582;14;Z;Gaular
288;1431;1431;7;671;14;Z;Jølster
289;1432;1432;7;586;14;Z;Førde
290;1433;1433;7;369;14;Z;Naustdal
291;1438;1438;7;833;14;Z;Bremanger
292;1439;1439;7;176;14;Z;Vågsøy
293;1441;1441;7;226;14;Z;Selje
294;1443;1443;7;469;14;Z;Eid
295;1444;1444;7;192;14;Z;Hornindal
296;1445;1445;7;1028;14;Z;Gloppen
297;1449;1449;7;1381;14;Z;Stryn
298;1502;1502;7;363;15;Z;Molde
299;1503;1503;7;23;15;Z;Kristiansund
300;1504;1504;7;98;15;Z;Ålesund
301;1511;1511;7;385;15;Z;Vanylven
302;1514;1514;7;93;15;Z;Sande
303;1515;1515;7;120;15;Z;Herøy
304;1516;1516;7;97;15;Z;Ulstein
305;1517;1517;7;82;15;Z;Hareid
306;1519;1519;7;547;15;Z;Volda
307;1520;1520;7;805;15;Z;Ørsta
308;1523;1523;7;129;15;Z;Ørskog
309;1524;1524;7;944;15;Z;Norddal
310;1525;1525;7;866;15;Z;Stranda
311;1526;1526;7;247;15;Z;Stordal
312;1528;1528;7;338;15;Z;Sykkylven
313;1529;1529;7;120;15;Z;Skodje
314;1531;1531;7;59;15;Z;Sula
315;1532;1532;7;40;15;Z;Giske
316;1534;1534;7;260;15;Z;Haram
317;1535;1535;7;355;15;Z;Vestnes
318;1539;1539;7;1502;15;Z;Rauma
319;1543;1543;7;1046;15;Z;Nesset
320;1545;1545;7;95;15;Z;Midsund
321;1546;1546;7;20;15;Z;Sandøy
322;1547;1547;7;59;15;Z;Aukra
323;1548;1548;7;369;15;Z;Fræna
324;1551;1551;7;152;15;Z;Eide
325;1554;1554;7;176;15;Z;Averøy
326;1556;1556;7;65;15;Z;Frei
327;1557;1557;7;382;15;Z;Gjemnes
328;1560;1560;7;337;15;Z;Tingvoll
329;1563;1563;7;1714;15;Z;Sunndal
330;1566;1566;7;1365;15;Z;Surnadal
331;1567;1567;7;641;15;Z;Rindal
332;1569;1569;7;322;15;Z;Aure
333;1571;1571;7;301;15;Z;Halsa
334;1572;1572;7;322;15;Z;Tustna
335;1573;1573;7;282;15;Z;Smøla
336;1612;1612;8;662;16;Z;Hemne
337;1613;1613;8;508;16;Z;Snillfjord
338;1617;1617;8;685;16;Z;Hitra
339;1620;1620;8;241;16;Z;Frøya
340;1621;1621;8;74;16;Z;Ørland
341;1622;1622;8;318;16;Z;Agdenes
342;1624;1624;8;621;16;Z;Rissa
343;1627;1627;8;384;16;Z;Bjugn
344;1630;1630;8;954;16;Z;Åfjord
345;1632;1632;8;377;16;Z;Roan
346;1633;1633;8;387;16;Z;Osen
347;1634;1634;8;2274;16;Z;Oppdal
348;1635;1635;8;948;16;Z;Rennebu
349;1636;1636;8;613;16;Z;Meldal
350;1638;1638;8;594;16;Z;Orkdal
351;1640;1640;8;1956;16;Z;Røros
352;1644;1644;8;1209;16;Z;Holtålen
353;1648;1648;8;1860;16;Z;Midtre_Gauldal
354;1653;1653;8;696;16;Z;Melhus
355;1657;1657;8;224;16;Z;Skaun
356;1662;1662;8;186;16;Z;Klæbu
357;1663;1663;8;169;16;Z;Malvik
358;1664;1664;8;1235;16;Z;Selbu
359;1665;1665;8;1329;16;Z;Tydal
360;1671;1671;8;43;16;Z;Trondheim1
361;1672;1672;8;43;16;Z;Trondheim2
362;1673;1673;8;43;16;Z;Trondheim3
363;1674;1674;8;43;16;Z;Trondheim4
364;1675;1675;8;43;16;Z;Trondheim5
365;1676;1676;8;43;16;Z;Trondheim6
366;1677;1677;8;43;16;Z;Trondheim7
367;1678;1678;8;43;16;Z;Trondheim8
368;1702;1702;8;1564;17;Z;Steinkjer
369;1703;1703;8;775;17;Z;Namsos
370;1711;1711;8;1274;17;Z;Meråker
371;1714;1714;8;938;17;Z;Stjørdal
372;1717;1717;8;76;17;Z;Frosta
373;1718;1718;8;430;17;Z;Leksvik
374;1719;1719;8;645;17;Z;Levanger
375;1721;1721;8;1548;17;Z;Verdal
376;1723;1723;8;219;17;Z;Mosvik
377;1724;1724;8;602;17;Z;Verran
378;1725;1725;8;770;17;Z;Namdalseid
379;1729;1729;8;146;17;Z;Inderøy
380;1736;1736;8;2343;17;Z;Snåsa
381;1738;1738;8;2962;17;Z;Lierne
382;1739;1739;8;1584;17;Z;Røyrvik
383;1740;1740;8;1417;17;Z;Namsskogan
384;1742;1742;8;1136;17;Z;Grong
385;1743;1743;8;755;17;Z;Høylandet
386;1744;1744;8;729;17;Z;Overhalla
387;1748;1748;8;545;17;Z;Fosnes
388;1749;1749;8;460;17;Z;Flatanger
389;1750;1750;8;318;17;Z;Vikna
390;1751;1751;8;1066;17;Z;Nærøy
391;1755;1755;8;110;17;Z;Leka
392;1804;1804;9;696;18;Z;Bodø
393;1805;1805;9;2023;18;Z;Narvik
394;1811;1811;9;1265;18;Z;Bindal
395;1812;1812;9;194;18;Z;Sømna
396;1813;1813;9;1042;18;Z;Brønnøy
397;1815;1815;9;163;18;Z;Vega
398;1816;1816;9;539;18;Z;Vevelstad
399;1818;1818;9;65;18;Z;Herøy
400;1820;1820;9;187;18;Z;Alstahaug
401;1822;1822;9;465;18;Z;Leirfjord
402;1824;1824;9;1929;18;Z;Vefsn
403;1825;1825;9;2009;18;Z;Grane
404;1826;1826;9;2684;18;Z;Hattfjellda
405;1827;1827;9;194;18;Z;Dønna
406;1828;1828;9;183;18;Z;Nesna
407;1832;1832;9;1589;18;Z;Hemnes
408;1833;1833;9;4460;18;Z;Rana
409;1834;1834;9;264;18;Z;Lurøy
410;1835;1835;9;16;18;Z;Træna
411;1836;1836;9;712;18;Z;Rødøy
412;1837;1837;9;873;18;Z;Meløy
413;1838;1838;9;662;18;Z;Gildeskål
414;1839;1839;9;1222;18;Z;Beiarn
415;1840;1840;9;2215;18;Z;Saltdal
416;1841;1841;9;1210;18;Z;Fauske
417;1842;1842;9;696;18;Z;Skjerstad
418;1845;1845;9;1636;18;Z;Sørfold
419;1848;1848;9;1007;18;Z;Steigen
420;1849;1849;9;1031;18;Z;Hamarøy
421;1850;1850;9;1464;18;Z;Tysfjord
422;1851;1851;9;524;18;Z;Lødingen
423;1852;1852;9;317;18;Z;Tjeldsund
424;1853;1853;9;252;18;Z;Evenes
425;1854;1854;9;931;18;Z;Ballangen
426;1856;1856;9;11;18;Z;Røst
427;1857;1857;9;18;18;Z;Værøy
428;1859;1859;9;178;18;Z;Flakstad
429;1860;1860;9;423;18;Z;Vestvågøy
430;1865;1865;9;477;18;Z;Vågan
431;1866;1866;9;566;18;Z;Hadsel
432;1867;1867;9;247;18;Z;Bø
433;1868;1868;9;319;18;Z;Øksnes
434;1870;1870;9;722;18;Z;Sortland
435;1871;1871;9;656;18;Z;Andøy
436;1874;1874;9;119;18;Z;Moskenes
437;1880;1880;9;0;18;Z;Oertfjell
438;1901;1901;10;372;19;Z;Harstad
439;1911;1911;10;513;19;Z;Kvæfjord
440;1913;1913;10;495;19;Z;Skånland
441;1915;1915;10;74;19;Z;Bjarkøy
442;1917;1917;10;241;19;Z;Ibestad
443;1919;1919;10;313;19;Z;Gratangen
444;1920;1920;10;302;19;Z;Lavangen
445;1922;1922;10;2704;19;Z;Bardu
446;1923;1923;10;458;19;Z;Salangen
447;1924;1924;10;3322;19;Z;Målselv
448;1925;1925;10;363;19;Z;Sørreisa
449;1926;1926;10;289;19;Z;Dyrøy
450;1927;1927;10;524;19;Z;Tranøy
451;1928;1928;10;243;19;Z;Torsken
452;1929;1929;10;294;19;Z;Berg
453;1931;1931;10;893;19;Z;Lenvik
454;1933;1933;10;1496;19;Z;Balsfjord
455;1936;1936;10;1047;19;Z;Karlsøy
456;1938;1938;10;812;19;Z;Lyngen
457;1939;1939;10;1543;19;Z;Storfjord
458;1940;1940;10;991;19;Z;Kåfjord 
459;1941;1941;10;478;19;Z;Skjervøy
460;1942;1942;10;3438;19;Z;Nordreisa
461;1943;1943;10;2108;19;Z;Kvænangen
462;1971;1971;10;642;19;Z;Tromsø1
463;1972;1972;10;642;19;Z;Tromsø2
464;1973;1973;10;642;19;Z;Tromsø3
465;1974;1974;10;642;19;Z;Tromsø4
466;2002;2002;10;600;20;Z;Vardø
467;2003;2003;10;1258;20;Z;Vadsø
468;2004;2004;10;849;20;Z;Hammerfest
469;2011;2011;10;9708;20;Z;Kautokeino
470;2012;2012;10;3849;20;Z;Alta
471;2014;2014;10;687;20;Z;Loppa
472;2015;2015;10;556;20;Z;Hasvik
473;2017;2017;10;1844;20;Z;Kvalsund
474;2018;2018;10;1134;20;Z;Måsøy
475;2019;2019;10;925;20;Z;Nordkapp
476;2020;2020;10;4874;20;Z;Porsanger
477;2021;2021;10;5453;20;Z;Kautokeino
478;2022;2022;10;3458;20;Z;Lebesby
479;2023;2023;10;1415;20;Z;Gamvik
480;2024;2024;10;1120;20;Z;Berlevåg
481;2025;2025;10;4049;20;Z;Tana
482;2027;2027;10;1436;20;Z;Nesseby
483;2028;2028;10;1433;20;Z;Båtsfjord
484;2030;2030;10;3968;20;Z;Sør-Varanger
485;2101;2101;4;107;7;Z;Slagentangen
486;2301;2301;11;0;23;Z;Norskehavet
487;2302;2302;11;0;23;Z;Frigg
488;2303;2303;11;0;23;Z;Statfjord
489;2304;2304;11;0;23;Z;Oseberg
490;2305;2305;11;0;23;Z;Sleipner
491;2306;2306;11;0;23;Z;Ekofisk
492;3001;3001;0;0;SF;Z;Helsingfors
493;3002;3002;0;0;SF;Z;Oulu
494;3003;3003;0;0;SF;Z;Kuopio
495;4001;4001;0;0;DK;Z;København
496;4002;4002;0;0;DK;Z;Odense
497;4003;4003;0;0;DK;Z;Roskilde
498;4004;4004;0;0;DK;Z;Ålborg
499;4005;4005;0;0;DK;Z;Århus
500;5101;5101;0;0;DE;Z;Hamburg
501;5102;5102;0;0;DE;Z;Bremen
502;5103;5103;0;0;DE;Z;Emden
503;5104;5104;0;0;DE;Z;Berlin
504;5105;5105;0;0;DE;Z;Essen
505;5106;5106;0;0;DE;Z;München
506;5201;5201;0;0;FR;Z;Paris
507;5202;5202;0;0;FR;Z;Dunkerque
508;5203;5203;0;0;FR;Z;Marseille
509;5204;5204;0;0;FR;Z;Bordeaux
510;5302;5302;0;0;IR;Z;Dublin
511;5402;5402;0;0;NL;Z;Nijmegen
512;5403;5403;0;0;NL;Z;Amsterdam
513;5404;5404;0;0;NL;Z;Rotterdam
514;5501;5501;0;0;BE;Z;Brussel
515;5502;5502;0;0;BE;Z;Zeebrygge
516;5605;5605;0;0;GB;Z;London
517;5606;5606;0;0;GB;Z;Teesside
518;5607;5607;0;0;GB;Z;StFergus
519;5700;5700;0;0;ES;Z;Madrid
520;5701;5701;0;0;ES;Z;Granada
521;5710;5710;0;0;PT;Z;Portugal
522;5720;5720;0;0;GR;Z;Hellas
523;5730;5730;0;0;BG;Z;Bulgaria
524;5740;5740;0;0;HU;Z;Ungarn
525;5750;5750;0;0;RO;Z;Romania
526;5760;5760;0;0;CZ;Z;Tsjekkia
527;5770;5770;0;0;SI;Z;Tidl-Jugoslavia
528;5780;5780;0;0;AL;Z;Albania
529;5790;5790;0;0;TY;Z;Tyrkia
530;5800;5800;0;0;LI;Z;Litauen
531;5810;5810;0;0;LT;Z;Latvia
532;5820;5820;0;0;ES;Z;Estland
533;5830;5830;0;0;RU;Z;Murmansk
534;5831;5831;0;0;RU;Z;Moskva
535;5835;5835;0;0;RU;Z;StPetersburg
536;5840;5840;0;0;PL;Z;Warzawa
537;5841;5841;0;0;PL;Z;Poznan
538;5842;5842;0;0;PL;Z;Gdansk
539;5850;5850;0;0;IS;Z;Island
540;5860;5860;0;0;CH;Z;Sveits
541;5870;5870;0;0;AT;Z;Østerrike
542;5880;5880;0;0;IT;Z;Roma
543;5881;5881;0;0;IT;Z;Milano
544;5890;5890;0;0;MT;Z;Malta
545;5900;5900;0;0;BY;Z;Hv-Russland
546;5910;5910;0;0;SK;Z;Slovakia
547;5920;5920;0;0;UA;Z;Ukraina
548;5930;5930;0;0;FI;Z;Færøyene
549;6000;6000;0;0;AF;Z;Afrika
550;6010;6010;0;0;ME;Z;Midt-Østen
551;6020;6020;0;0;FE;Z;Fjerne_Østen
552;6030;6030;0;0;NA;Z;N-Amerika
553;6040;6040;0;0;SA;Z;S-Amerika
554;6050;6050;0;0;OC;Z;Oceania
555;7001;306;1;0;3;R;Oslo6
556;7002;602;3;0;6;R;Drammen
557;7003;1075;5;0;10;R;Kristiansand5
558;7004;1271;6;0;12;R;Bergen1
559;7005;1539;7;0;15;R;Rauma
560;7006;1671;8;0;16;R;Trondheim1
561;7007;101;1;0;1;R;Berg,Halden
562;7008;1804;9;0;18;R;Bodø
563;7009;1841;9;0;18;R;Fauske
564;7010;1805;9;0;18;R;Narvik
565;7011;1833;9;0;18;R;Rana
566;7012;1824;9;0;18;R;Vefsn
567;7013;1102;6;0;11;R;Ganddal
568;7014;806;4;0;8;R;Borgestad,Skien
569;7015;106;1;0;1;R;Rolvsøy,Frstad
570;7016;301;1;0;3;R;Sjursøya
571;7017;235;1;0;2;R;Gardermoen
572;7018;437;2;0;4;R;Auma
573;7019;426;2;0;4;R;Braskereidfoss
574;7020;1742;8;0;17;R;Formofoss
575;7021;501;2;0;5;R;Hove,Lilleh
576;7022;605;3;0;6;R;Hønefoss
577;7023;430;2;0;4;R;Koppang
578;7024;626;3;0;6;R;Lierstranda
579;7025;819;4;0;8;R;Lunde
580;7026;821;4;0;8;R;Bø
581;7027;1719;8;0;17;R;Levanger
582;7028;616;3;0;6;R;Nesbyen
583;7029;402;2;0;4;R;Norsenga,Kongsv
584;7030;807;4;0;8;R;Notodden
585;7031;929;5;0;9;R;Nelaug
586;7032;1648;8;0;16;R;Støren
587;7033;403;2;0;4;R;Sørli
588;7034;427;2;0;4;R;Vestmo,Elver
589;7035;423;2;0;4;R;Grue
590;7036;426;2;0;4;R;Våler
591;7037;1648;8;0;16;R;Midtre_Gauldal
592;7038;104;1;0;1;R;Moss
593;7039;105;1;0;1;R;Sarpsborg
594;7040;1719;8;0;17;R;Skogn
595;7041;517;2;0;5;R;Otta
596;7042;805;4;0;8;R;Porsgrunn
597;7043;840;4;0;8;R;Brevik
598;7044;1880;8;0;18;R;Oertfjell
599;7045;211;1;0;3;R;Vestby
600;7046;235;1;0;3;R;Hauerseter
601;7047;625;1;0;3;R;Ryghkollen
602;7048;701;1;0;3;R;Kopstad
603;7049;709;1;0;3;R;Larvik jbt
604;7060;1721;8;0;17;R;Verdal jbt
605;7061;805;1;0;3;R;Eidanger
606;7063;935;2;0;4;R;Iveland
607;7064;420;2;0;4;R;Magnor
608;7065;429;2;0;4;R;Rena
609;7066;516;2;0;5;R;Kvam
610;7067;631;3;0;6;R;Flesberg
611;7068;511;2;0;5;R;Dombås
612;7101;50;0;0;SE;R;Stockholm
613;7102;51;0;0;SE;R;Luleå
614;7103;52;0;0;SE;R;Malmø
615;7104;53;0;0;SE;R;Kiruna
616;7105;56;0;0;SE;R;Uppsala
617;7106;55;0;0;SE;R;Falun
618;7107;62;0;0;SE;R;Østersund
619;7108;57;0;0;SE;R;Kalmar
620;7109;58;0;0;SE;R;Gøteborg
621;7110;3001;0;0;SF;R;Helsingfors
622;7111;3002;0;0;SF;R;Kemi
623;7112;4001;0;0;DK;R;København
624;7113;4005;0;0;DK;R;Viborg
625;7114;5101;0;0;DE;R;Hamburg
626;7115;5102;0;0;DE;R;Bremerhaven
627;7116;5104;0;0;DE;R;Berlin
628;7117;5201;0;0;FR;R;Paris
629;7118;5203;0;0;FR;R;Marseille
630;7119;5302;0;0;IR;R;Dublin
631;7120;5403;0;0;NL;R;Amsterdam
632;7121;5404;0;0;NL;R;Rotterdam
633;7122;5501;0;0;BE;R;Brussel
634;7123;5605;0;0;GB;R;London
635;7124;5700;0;0;ES;R;Madrid
636;7125;5710;0;0;PT;R;Lisboa
637;7126;5831;0;0;RU;R;Moskva
638;7127;5835;0;0;RU;R;StPetersburg
639;7128;5720;0;0;GR;R;Hellas
640;7129;5730;0;0;BG;R;Bulgaria
641;7130;5740;0;0;HU;R;Ungarn
642;7131;5750;0;0;RO;R;Romania
643;7132;5760;0;0;CZ;R;Tsjekkia
644;7133;5770;0;0;SI;R;Tidl-Jugoslavia
645;7134;5790;0;0;TY;R;Tyrkia
646;7135;5800;0;0;LI;R;Litauen
647;7136;5810;0;0;LT;R;Latvia
648;7137;5820;0;0;ES;R;Tallin
649;7138;5840;0;0;PL;R;Warzawa
650;7139;5860;0;0;CH;R;Sveits
651;7140;5870;0;0;AT;R;Østerrike
652;7141;5880;0;0;IT;R;Roma
653;7142;5900;0;0;BY;R;Hv-Russland
654;7143;5910;0;0;SK;R;Slovakia
655;7144;5920;0;0;UA;R;Ukraina
656;7145;60;0;0;SE;R;Karlstad jbt
657;7301;235;1;0;2;A;Gardermoen
658;7302;1274;6;0;12;A;Flesland
659;7303;1124;6;0;11;A;Sola
660;7304;1714;8;0;17;A;Værnes
661;7305;1853;9;0;18;A;Evenes
662;7306;50;0;0;SE;A;Arlanda
663;7307;4001;0;0;DK;A;Kastrup
664;7308;5105;0;0;DE;A;Frankfurt
665;7309;5403;0;0;NL;A;Amsterdam
666;7310;5605;0;0;GB;A;London
667;7311;5860;0;0;CH;A;Zurich
668;7501;101;1;0;1;S;Halden
669;7502;104;1;0;1;S;Moss
670;7503;105;1;0;1;S;Sarpsborg
671;7504;106;1;0;1;S;Fredrikstad
672;7505;301;1;0;3;S;Oslo1
673;7506;602;3;0;6;S;Drammen
674;7507;627;3;0;6;S;Røyken
675;7508;628;3;0;6;S;Hurum
676;7509;701;4;0;7;S;Horten
677;7510;702;4;0;7;S;Holmestrand
678;7511;704;4;0;7;S;Tønsberg
679;7512;706;4;0;7;S;Sandefjord
680;7513;709;4;0;7;S;Larvik
681;7514;805;4;0;8;S;Porsgrunn
682;7515;806;4;0;8;S;Skien
683;7516;814;4;0;8;S;Bamble
684;7517;815;4;0;8;S;Kragerø
685;7518;904;5;0;9;S;Grimstad
686;7519;906;5;0;9;S;Arendal
687;7520;926;5;0;9;S;Lillesand
688;7521;1002;5;0;10;S;Mandal
689;7522;1003;5;0;10;S;Farsund
690;7523;1004;5;0;10;S;Flekkefjord
691;7524;1032;5;0;10;S;Lyngdal
692;7525;1037;5;0;10;S;Kvinesdal
693;7526;1071;5;0;10;S;Kristiansand1
694;7527;1101;6;0;11;S;Eigersund
695;7528;1102;6;0;11;S;Sandnes
696;7529;1106;6;0;11;S;Haugesund
697;7530;1111;6;0;11;S;Sokndal
698;7531;1122;6;0;11;S;Gjesdal
699;7532;1124;6;0;11;S;Sola
700;7533;1130;6;0;11;S;Strand
701;7534;1134;6;0;11;S;Suldal
702;7535;1135;6;0;11;S;Sauda
703;7536;1146;6;0;11;S;Tysvær
704;7537;1149;6;0;11;S;Karmøy
705;7538;1159;6;0;11;S;Ølen
706;7539;1172;6;0;11;S;Stavanger2
707;7540;1221;6;0;12;S;Stord
708;7541;1224;6;0;12;S;Kvinnherad
709;7542;1228;6;0;12;S;Odda
710;7543;1238;6;0;12;S;Kvam
711;7544;1241;6;0;12;S;Fusa
712;7545;1244;6;0;12;S;Austevoll
713;7546;1246;6;0;12;S;Fjell
714;7547;1247;6;0;12;S;Askøy
715;7548;1252;6;0;12;S;Modalen
716;7549;1251;6;0;12;S;Vaksdal
717;7550;1259;6;0;12;S;Øygarden
718;7551;1263;6;0;12;S;Lindås
719;7552;1265;6;0;12;S;Fedje
720;7553;1271;6;0;12;S;Bergen1
721;7554;1401;7;0;14;S;Flora
722;7555;1411;7;0;14;S;Gulen
723;7556;1416;7;0;14;S;Høyanger
724;7557;1421;7;0;14;S;Aurland
725;7558;1424;7;0;14;S;Årdal
726;7559;1426;7;0;14;S;Luster
727;7560;1428;7;0;14;S;Askvoll
728;7561;1438;7;0;14;S;Bremanger
729;7562;1439;7;0;14;S;Vågsøy
730;7563;1502;7;0;15;S;Molde
731;7564;1503;7;0;15;S;Kristiansund
732;7565;1504;7;0;15;S;Ålesund
733;7566;1511;7;0;15;S;Vanylven
734;7567;1517;7;0;15;S;Hareid
735;7568;1520;7;0;15;S;Ørsta
736;7569;1531;7;0;15;S;Sula
737;7570;1535;7;0;15;S;Vestnes
738;7571;1548;7;0;15;S;Fræna
739;7572;1563;7;0;15;S;Sunndal
740;7573;1569;7;0;15;S;Aure
741;7574;1612;8;0;16;S;Hemne
742;7575;1638;8;0;16;S;Orkdal
743;7576;1663;8;0;16;S;Malvik
744;7577;1671;8;0;16;S;Trondheim1
745;7578;1702;8;0;17;S;Steinkjer
746;7579;1703;8;0;17;S;Namsos
747;7580;1719;8;0;17;S;Levanger
748;7581;1721;8;0;17;S;Verdal
749;7582;1750;8;0;17;S;Vikna
750;7583;1804;9;0;18;S;Bodø
751;7584;1805;9;0;18;S;Narvik
752;7585;1813;9;0;18;S;Brønnøy
753;7586;1820;9;0;18;S;Alstahaug
754;7587;1824;9;0;18;S;Vefsn
755;7588;1833;9;0;18;S;Rana
756;7589;1837;9;0;18;S;Meløy
757;7590;1845;9;0;18;S;Sørfold
758;7591;1850;9;0;18;S;Tysfjord
759;7592;1851;9;0;18;S;Lødingen
760;7593;1860;9;0;18;S;Vestvågøy
761;7594;1865;9;0;18;S;Vågan
762;7595;1866;9;0;18;S;Hadsel
763;7596;1868;9;0;18;S;Øksnes
764;7597;1870;9;0;18;S;Sortland
765;7598;1871;9;0;18;S;Andøy
766;7599;1901;10;0;19;S;Harstad
767;7600;1931;10;0;19;S;Lenvik
768;7601;1941;10;0;19;S;Skjervøy
769;7602;1971;10;0;19;S;Tromsø1
770;7603;2002;10;0;20;S;Vardø
771;7604;2003;10;0;20;S;Vadsø
772;7605;2004;10;0;20;S;Hammerfest
773;7606;2012;10;0;20;S;Alta
774;7607;2014;10;0;20;S;Loppa
775;7608;2018;10;0;20;S;Måsøy
776;7609;2019;10;0;20;S;Nordkapp
777;7610;2020;10;0;20;S;Porsanger
778;7611;2022;10;0;20;S;Lebesby
779;7612;2023;10;0;20;S;Gamvik
780;7613;2024;10;0;20;S;Berlevåg
781;7614;2025;10;0;20;S;Tana
782;7615;2028;10;0;20;S;Båtsfjord
783;7616;2030;10;0;20;S;Sør-Varanger
784;7617;1714;8;0;17;S;Stjørdal
785;7618;1547;7;0;15;S;Aukra
786;7619;2101;4;0;7;S;Slagentangen havn
787;7620;805;4;0;8;S;Brevik havn
788;7621;1617;9;0;16;S;Hitra havn
789;7624;626;3;0;6;S;Lier
790;7625;711;4;0;7;S;Svelvik
791;7626;1129;6;0;11;S;Forsand
792;7627;1133;6;0;11;S;Hjelmeland
793;7628;1151;6;0;11;S;Utsira
794;7629;1211;6;0;12;S;Etne
795;7630;1219;6;0;12;S;Bømlo
796;7631;1534;7;0;15;S;Haram
797;7632;1546;7;0;15;S;Sandøy
798;7633;1551;7;0;15;S;Eide
799;7634;1554;7;0;15;S;Averøy
800;7635;1933;10;0;19;S;Balsfjord
801;7636;716;4;0;7;S;Langøya
802;7801;50;0;0;SE;S;Stockholm
803;7802;51;0;0;SE;S;Luleå
804;7803;52;0;0;SE;S;Malmø
805;7804;55;0;0;SE;S;Gävle
806;7805;62;0;0;SE;S;Østersund
807;7806;57;0;0;SE;S;Kalmar
808;7807;58;0;0;SE;S;Gøteborg
809;7808;52;0;0;SE;S;Helsingborg
810;7809;58;0;0;SE;S;Strømstad
811;7810;3001;0;0;SF;S;Helsingfors
812;7811;3002;0;0;SF;S;Kemi
813;7812;3001;0;0;SF;S;Turku
814;7813;4001;0;0;DK;S;København
815;7814;4004;0;0;DK;S;Frederikshavn
816;7815;4004;0;0;DK;S;Hanstholm
817;7816;4004;0;0;DK;S;Hirtshals
818;7817;4005;0;0;DK;S;Århus
819;7818;4005;0;0;DK;S;Esbjerg
820;7819;5101;0;0;DE;S;Hamburg
821;7820;5102;0;0;DE;S;Bremerhaven
822;7821;5103;0;0;DE;S;Emden
823;7822;5101;0;0;DE;S;Kiel
824;7823;5201;0;0;FR;S;LeHavre
825;7824;5203;0;0;FR;S;Marseille
826;7825;5302;0;0;IR;S;Dublin
827;7826;5302;0;0;IR;S;Belfast
828;7827;5403;0;0;NL;S;Amsterdam
829;7828;5404;0;0;NL;S;Rotterdam
830;7829;5502;0;0;BE;S;Zeebrygge
831;7830;5605;0;0;GB;S;London
832;7831;5605;0;0;GB;S;Newcastle
833;7832;5605;0;0;GB;S;Grimsby
834;7833;5700;0;0;ES;S;Santander
835;7834;5710;0;0;PT;S;Lisboa
836;7835;5835;0;0;RU;S;StPetersburg
837;7836;5800;0;0;LI;S;Litauen
838;7837;5810;0;0;LT;S;Latvia
839;7838;5820;0;0;ES;S;Tallin
840;7839;5842;0;0;PL;S;Gdansk
841;7840;5841;0;0;PL;S;Swinoujscie
842;7841;5880;0;0;IT;S;Roma
843;7842;5790;0;0;TY;S;Tyrkia havn
844;7843;5720;0;0;GR;S;Hellas
845;8001;104;1;0;1;L;Moss
846;8002;105;1;0;1;L;Sarpsborg
847;8003;106;1;0;1;L;Fredrikstad
848;8004;123;1;0;1;L;Spydeberg
849;8005;124;1;0;1;L;Askim
850;8006;125;1;0;1;L;Eidsberg
851;8007;127;1;0;1;L;Skiptvet
852;8008;128;1;0;1;L;Rakkestad
853;8009;135;1;0;1;L;Råde
854;8010;136;1;0;1;L;Rygge
855;8011;137;1;0;1;L;Våler
856;8012;138;1;0;1;L;Hobøl
857;8013;211;1;0;2;L;Vestby
858;8014;213;1;0;2;L;Ski
859;8015;214;1;0;2;L;Ås
860;8016;215;1;0;2;L;Frogn
861;8017;216;1;0;2;L;Nesodden
862;8018;217;1;0;2;L;Oppegård
863;8019;219;1;0;2;L;Bærum
864;8020;220;1;0;2;L;Asker
865;8021;221;1;0;2;L;Aurskog-Hørland
866;8022;226;1;0;2;L;Sørum
867;8023;229;1;0;2;L;Enebakk
868;8024;230;1;0;2;L;Lørenskog
869;8025;231;1;0;2;L;Skedsmo
870;8026;233;1;0;2;L;Nittedal
871;8027;235;1;0;2;L;Ullensaker
872;8028;236;1;0;2;L;Nes
873;8029;237;1;0;2;L;Eidsvoll
874;8030;238;1;0;2;L;Nannestad
875;8031;301;1;0;3;L;Oslo1
876;8032;302;1;0;3;L;Oslo2
877;8033;303;1;0;3;L;Oslo3
878;8034;304;1;0;3;L;Oslo4
879;8035;305;1;0;3;L;Oslo5
880;8036;306;1;0;3;L;Oslo6
881;8037;309;1;0;3;L;Oslo9
882;8038;310;1;0;3;L;Oslo10
883;8039;312;1;0;3;L;Oslo12
884;8040;402;2;0;4;L;Kongsvinger
885;8041;403;2;0;4;L;Hamar
886;8042;412;2;0;4;L;Ringsaker
887;8043;415;2;0;4;L;Løten
888;8044;417;2;0;4;L;Stange
889;8045;419;2;0;4;L;Sør-Odal
890;8046;420;2;0;4;L;Eidskog
891;8047;423;2;0;4;L;Grue
892;8048;427;2;0;4;L;Elverum
893;8049;429;2;0;4;L;Åmot
894;8050;430;2;0;4;L;Stor-Elvdal
895;8051;437;2;0;4;L;Tynset
896;8052;441;2;0;4;L;Os
897;8053;501;2;0;5;L;Lillehammer
898;8054;502;2;0;5;L;Gjøvik
899;8055;511;2;0;5;L;Dovre
900;8056;512;2;0;5;L;Lesja
901;8057;516;2;0;5;L;Nord-Fron
902;8058;517;2;0;5;L;Sel
903;8059;519;2;0;5;L;Sør-Fron
904;8060;520;2;0;5;L;Ringebu
905;8061;521;2;0;5;L;Øyer
906;8062;528;2;0;5;L;Østre_Toten
907;8063;529;2;0;5;L;Vestre_Toten
908;8064;532;2;0;5;L;Jevnaker
909;8065;533;2;0;5;L;Lunner
910;8066;534;2;0;5;L;Gran
911;8067;536;2;0;5;L;Søndre_Land
912;8068;538;2;0;5;L;Nordre_Land
913;8069;542;2;0;5;L;Nord-Aurdal
914;8070;602;3;0;6;L;Drammen
915;8071;604;3;0;6;L;Kongsberg
916;8072;605;3;0;6;L;Ringerike
917;8073;612;3;0;6;L;Hole
918;8074;617;3;0;6;L;Gol
919;8075;619;3;0;6;L;Ål
920;8076;623;3;0;6;L;Modum
921;8077;624;3;0;6;L;Øvre_Eiker
922;8078;625;3;0;6;L;Nedre_Eiker
923;8079;626;3;0;6;L;Lier
924;8080;627;3;0;6;L;Røyken
925;8081;628;3;0;6;L;Hurum
926;8082;632;3;0;6;L;Rollag
927;8083;701;4;0;7;L;Horten
928;8084;702;4;0;7;L;Holmestrand
929;8085;704;4;0;7;L;Tønsberg
930;8086;706;4;0;7;L;Sandefjord
931;8087;709;4;0;7;L;Larvik
932;8088;719;4;0;7;L;Andebu
933;8089;720;4;0;7;L;Stokke
934;8090;722;4;0;7;L;Nøtterøy
935;8091;805;4;0;8;L;Porsgrunn
936;8092;806;4;0;8;L;Skien
937;8093;807;4;0;8;L;Notodden
938;8094;811;4;0;8;L;Siljan
939;8095;814;4;0;8;L;Bamble
940;8096;815;4;0;8;L;Kragerø
941;8097;817;4;0;8;L;Drangedal
942;8098;821;4;0;8;L;Bø
943;8099;829;4;0;8;L;Kviteseid
944;8100;834;4;0;8;L;Vinje
945;8101;906;5;0;9;L;Arendal
946;8102;926;5;0;9;L;Lillesand
947;8103;1003;5;0;10;L;Farsund
948;8104;1004;5;0;10;L;Flekkefjord
949;8105;1017;5;0;10;L;Songdalen
950;8106;1032;5;0;10;L;Lyngdal
951;8107;1034;5;0;10;L;Hægebostad
952;8108;1037;5;0;10;L;Kvinesdal
953;8109;1071;5;0;10;L;Kristiansand1
954;8110;1072;5;0;10;L;Kristiansand2
955;8111;1075;5;0;10;L;Kristiansand5
956;8112;1101;6;0;11;L;Eigersund
957;8113;1102;6;0;11;L;Sandnes
958;8114;1106;6;0;11;L;Haugesund
959;8115;1111;6;0;11;L;Sokndal
960;8116;1119;6;0;11;L;Hå
961;8117;1121;6;0;11;L;Time
962;8118;1122;6;0;11;L;Gjesdal
963;8119;1124;6;0;11;L;Sola
964;8120;1127;6;0;11;L;Randaberg
965;8121;1130;6;0;11;L;Strand
966;8122;1141;6;0;11;L;Finnøy
967;8123;1146;6;0;11;L;Tysvær
968;8124;1149;6;0;11;L;Karmøy
969;8125;1154;6;0;11;L;Vindafjord
970;8126;1159;6;0;11;L;Ølen
971;8127;1171;6;0;11;L;Stavanger1
972;8128;1172;6;0;11;L;Stavanger2
973;8129;1211;6;0;12;L;Etne
974;8130;1223;6;0;12;L;Tysnes
975;8131;1224;6;0;12;L;Kvinnherad
976;8132;1231;6;0;12;L;Ullensvang
977;8133;1234;6;0;12;L;Granvin
978;8134;1235;6;0;12;L;Voss
979;8135;1238;6;0;12;L;Kvam
980;8136;1243;6;0;12;L;Os
981;8137;1244;6;0;12;L;Austevoll
982;8138;1246;6;0;12;L;Fjell
983;8139;1247;6;0;12;L;Askøy
984;8140;1251;6;0;12;L;Vaksdal
985;8141;1259;6;0;12;L;Øygarden
986;8142;1263;6;0;12;L;Lindås
987;8143;1271;6;0;12;L;Bergen1
988;8144;1272;6;0;12;L;Bergen2
989;8145;1273;6;0;12;L;Bergen3
990;8146;1274;6;0;12;L;Bergen4
991;8147;1275;6;0;12;L;Bergen5
992;8148;1277;6;0;12;L;Bergen7
993;8149;1401;7;0;14;L;Flora
994;8150;1411;7;0;14;L;Gulen
995;8151;1417;7;0;14;L;Vik
996;8152;1419;7;0;14;L;Leikanger
997;8153;1420;7;0;14;L;Sogndal
998;8154;1426;7;0;14;L;Luster
999;8155;1428;7;0;14;L;Askvoll
1000;8156;1430;7;0;14;L;Gaular
1001;8157;1432;7;0;14;L;Førde
1002;8158;1439;7;0;14;L;Vågsøy
1003;8159;1443;7;0;14;L;Eid
1004;8160;1445;7;0;14;L;Gloppen
1005;8161;1449;7;0;14;L;Stryn
1006;8162;1502;7;0;15;L;Molde
1007;8163;1503;7;0;15;L;Kristiansund
1008;8164;1504;7;0;15;L;Ålesund
1009;8165;1514;7;0;15;L;Sande
1010;8166;1515;7;0;15;L;Herøy
1011;8167;1519;7;0;15;L;Volda
1012;8168;1520;7;0;15;L;Ørsta
1013;8169;1531;7;0;15;L;Sula
1014;8170;1534;7;0;15;L;Haram
1015;8171;1535;7;0;15;L;Vestnes
1016;8172;1539;7;0;15;L;Rauma
1017;8173;1543;7;0;15;L;Nesset
1018;8174;1546;7;0;15;L;Sandøy
1019;8175;1551;7;0;15;L;Eide
1020;8176;1557;7;0;15;L;Gjemnes
1021;8177;1566;7;0;15;L;Surnadal
1022;8178;1569;7;0;15;L;Aure
1023;8179;1620;8;0;16;L;Frøya
1024;8180;1622;8;0;16;L;Agdenes
1025;8181;1624;8;0;16;L;Rissa
1026;8182;1630;8;0;16;L;Åfjord
1027;8183;1634;8;0;16;L;Oppdal
1028;8184;1635;8;0;16;L;Rennebu
1029;8185;1640;8;0;16;L;Røros
1030;8186;1648;8;0;16;L;Midtre_Gauldal
1031;8187;1653;8;0;16;L;Melhus
1032;8188;1663;8;0;16;L;Malvik
1033;8189;1664;8;0;16;L;Selbu
1034;8190;1671;8;0;16;L;Trondheim1
1035;8191;1673;8;0;16;L;Trondheim3
1036;8192;1675;8;0;16;L;Trondheim5
1037;8193;1676;8;0;16;L;Trondheim6
1038;8194;1677;8;0;16;L;Trondheim7
1039;8195;1702;8;0;17;L;Steinkjer
1040;8196;1703;8;0;17;L;Namsos
1041;8197;1714;8;0;17;L;Stjørdal
1042;8198;1719;8;0;17;L;Levanger
1043;8199;1721;8;0;17;L;Verdal
1044;8200;1723;8;0;17;L;Mosvik
1045;8201;1729;8;0;17;L;Inderøy
1046;8202;1744;8;0;17;L;Overhalla
1047;8203;1750;8;0;17;L;Vikna
1048;8204;1751;8;0;17;L;Nærøy
1049;8205;1755;8;0;17;L;Leka
1050;8206;1804;9;0;18;L;Bodø
1051;8207;1805;9;0;18;L;Narvik
1052;8208;1812;9;0;18;L;Sømna
1053;8209;1813;9;0;18;L;Brønnøy
1054;8210;1815;9;0;18;L;Vega
1055;8211;1818;9;0;18;L;Herøy
1056;8212;1820;9;0;18;L;Alstahaug
1057;8213;1824;9;0;18;L;Vefsn
1058;8214;1827;9;0;18;L;Dønna
1059;8215;1828;9;0;18;L;Nesna
1060;8216;1832;9;0;18;L;Hemnes
1061;8217;1833;9;0;18;L;Rana
1062;8218;1834;9;0;18;L;Lurøy
1063;8219;1836;9;0;18;L;Rødøy
1064;8220;1837;9;0;18;L;Meløy
1065;8221;1841;9;0;18;L;Fauske
1066;8222;1845;9;0;18;L;Sørfold
1067;8223;1850;9;0;18;L;Tysfjord
1068;8224;1851;9;0;18;L;Lødingen
1069;8225;1857;9;0;18;L;Værøy
1070;8226;1860;9;0;18;L;Vestvågøy
1071;8227;1865;9;0;18;L;Vågan
1072;8228;1866;9;0;18;L;Hadsel
1073;8229;1867;9;0;18;L;Bø
1074;8230;1868;9;0;18;L;Øksnes
1075;8231;1870;9;0;18;L;Sortland
1076;8232;1871;9;0;18;L;Andøy
1077;8233;1874;9;0;18;L;Moskenes
1078;8234;1901;10;0;19;L;Harstad
1079;8235;1913;10;0;19;L;Skånland
1080;8236;1923;10;0;19;L;Salangen
1081;8237;1924;10;0;19;L;Målselv
1082;8238;1928;10;0;19;L;Torsken
1083;8239;1929;10;0;19;L;Berg
1084;8240;1931;10;0;19;L;Lenvik
1085;8241;1933;10;0;19;L;Balsfjord
1086;8242;1936;10;0;19;L;Karlsøy
1087;8243;1941;10;0;19;L;Skjervøy
1088;8244;1971;10;0;19;L;Tromsø1
1089;8245;1972;10;0;19;L;Tromsø2
1090;8246;2002;10;0;20;L;Vardø
1091;8247;2003;10;0;20;L;Vadsø
1092;8248;2004;10;0;20;L;Hammerfest
1093;8249;2012;10;0;20;L;Alta
1094;8250;2014;10;0;20;L;Loppa
1095;8251;2018;10;0;20;L;Måsøy
1096;8252;2019;10;0;20;L;Nordkapp
1097;8253;2020;10;0;20;L;Porsanger
1098;8254;2021;10;0;20;L;Kautokeino
1099;8255;2022;10;0;20;L;Lebesby
1100;8256;2023;10;0;20;L;Gamvik
1101;8257;2024;10;0;20;L;Berlevåg
1102;8258;2025;10;0;20;L;Tana
1103;8259;2028;10;0;20;L;Båtsfjord
1104;8260;2030;10;0;20;L;Sør-Varanger
